"n","nbins","arithmetic_over_floor","lower_bound_over_floor","arithmetic_over_lower_bound"
1000,8,2.30333674513822,1.1517273146016,1.99989764585464
1000,100,2.1607520275252,1.84605936056886,1.17046725239614
10000,8,2.92864749733755,3.81679389312977,0.767305644302439
10000,100,3.59424920127803,11.1464968152869,0.322455499771792
100000,8,3.12500000000009,4.23280423280433,0.738281250000006
100000,100,2.53968253968274,9.60000000000034,0.264550264550276
