"case","median_seconds_current","median_seconds_original","median_seconds_floor","median_seconds_lower_bound","current_over_original","current_over_floor","current_over_lower_bound"
"n1000_d2_b8",0.0033,0.0027,0.0029,0.0036,1.22222222222222,1.13793103448276,0.916666666666667
"n2000_d5_b100",0.031,0.0645000000000001,0.0275,0.0450000000000001,0.480620155038759,1.12727272727273,0.688888888888887
"n5000_d2_b100",0.033,0.0279999999999999,0.0295,0.0495,1.17857142857143,1.11864406779661,0.666666666666667
"n5000_d2_b8",0.01475,0.0115,0.01275,0.016,1.28260869565217,1.15686274509804,0.921875
